{"PackageRepositories":[{"id":"4ca144f0-ab16-431a-b6a4-fa35a71e020c","description":"","name":"XiaoxiaoShaderLab","author":"HuTao","latestVersion":"v0.2.6","latestDownloadUrl":"http://file.liangxiegame.com/XiaoxiaoShaderLabv0_2_6_5398082f_80e4_4c32_af0a_a42395fabe19.unitypackage","installPath":"Assets/XiaoxiaoShaderLab/","includeFileOrFolders":[],"accessRight":"public","type":"Shader","isOfficial":false},{"id":"3a468eb5-9d00-4786-ae57-aa9ce3861bad","description":"","name":"XiaobanLib","author":"caiee","latestVersion":"v0.0.1","latestDownloadUrl":"https://file.liangxiegame.com/XiaobanLibv0_0_1_8da05846_d603_49ba_9a92_69e4db6809ec.unitypackage","installPath":"Assets/XiaobanLib/","includeFileOrFolders":[],"accessRight":"public","type":"Framework","isOfficial":false},{"id":"06ef49eb-2b2f-4369-a4fc-92a475e95701","description":"","name":"WytFramework","author":"Wang","latestVersion":"v0.0.2","latestDownloadUrl":"https://file.liangxiegame.com/WytFrameworkv0_0_2_f7c49e9d_a749_40ee_aadc_5f1445057f7e.unitypackage","installPath":"Assets/WytFramework/","includeFileOrFolders":[],"accessRight":"private","type":"Framework","isOfficial":false},{"id":"d11e7fc5-608d-4cb3-9566-ceeeb95fe0a0","description":"","name":"ViewControllerKit","author":"liangxie","latestVersion":"v0.0.3","latestDownloadUrl":"https://file.liangxiegame.com/ViewControllerKitv0_0_3_d3000bf8_e304_4d2a_8469_4a43ec665115.unitypackage","installPath":"Assets/QFramework/Toolkits/ViewControllerKit/","includeFileOrFolders":[],"accessRight":"public","type":"Framework","isOfficial":false},{"id":"c7ab022e-cc5b-4e18-9f8a-89ed2e8c15a8","description":"","name":"VersionCheckKit","author":"liangxie","latestVersion":"v0.2.4","latestDownloadUrl":"https://file.liangxiegame.com/VersionCheckKitv0_2_4_a92b8cad_6b08_4445_8ef8_e016b44edf6b.unitypackage","installPath":"Assets/VersionCheckKit/","includeFileOrFolders":[],"accessRight":"public","type":"Plugin","isOfficial":false},{"id":"06e260d9-7f85-4962-8129-40d9315fbd0d","description":"","name":"Unstable","author":"liangxie","latestVersion":"v0.0.2","latestDownloadUrl":"https://file.liangxiegame.com/Unstablev0_0_2_db6330c4_f902_4d9b_8caa_b20703d3e54d.unitypackage","installPath":"Assets/QFramework/ToolKitsPro/Unstable/","includeFileOrFolders":[],"accessRight":"private","type":"Plugin","isOfficial":false},{"id":"72db6066-f805-4c8a-b40f-65b5cbf9c0c0","description":"","name":"UIWidgetsReduxPersist","author":"liangxie","latestVersion":"v0.3.0","latestDownloadUrl":"http://file.liangxiegame.com/UIWidgetsReduxPersistv0_3_0_e119c063_9098_435b_91f1_7e036a9d4acd.unitypackage","installPath":"Assets/QFramework/UIWidgetsReduxPersist/","includeFileOrFolders":[],"accessRight":"public","type":"Plugin","isOfficial":false},{"id":"327c9a06-f843-47c6-aeb6-c34468c5656a","description":"","name":"UIWidgets","author":"liangxie","latestVersion":"v0.2.0","latestDownloadUrl":"http://file.liangxiegame.com/UIWidgetsv0_2_0_ba03ace1_45f6_4658_969a_cdaadde406e1.unitypackage","installPath":"Assets/QFramework/UIWidgets/","includeFileOrFolders":[],"accessRight":"private","type":"Plugin","isOfficial":false},{"id":"2d974aff-9a87-432e-952a-0ed6976e6dd8","description":"","name":"UIShader","author":"liangxie","latestVersion":"v0.0.2","latestDownloadUrl":"http://file.liangxiegame.com/UIShaderv0_0_2_9a7c1f28_544c_4883_a396_399d78cc9450.unitypackage","installPath":"Assets/QFramework/Pro/Shader/UIShader/","includeFileOrFolders":[],"accessRight":"public","type":"Master","isOfficial":false},{"id":"0275c9da-c7ef-4f43-89b6-419bbd262a8c","description":"","name":"UIKitTransition","author":"liangxie","latestVersion":"v0.0.1","latestDownloadUrl":"http://file.liangxiegame.com/UIKitTransitionv0_0_1_a9c60351_695a_41ed_b6c4_8db806ee543a.unitypackage","installPath":"Assets/QFramework/Extensions/UIKitTransition/","includeFileOrFolders":[],"accessRight":"public","type":"Plugin","isOfficial":false},{"id":"524c1eed-260e-4192-9609-02900d82d7d6","description":"","name":"UIKitExtensions","author":"liangxie","latestVersion":"v0.0.1","latestDownloadUrl":"http://file.liangxiegame.com/UIKitExtensionsv0_0_1_a40e78a7_def8_4558_b375_ec5baf00c5d2.unitypackage","installPath":"Assets/QFramework/UIKitExtensions/","includeFileOrFolders":[],"accessRight":"public","type":"Framework","isOfficial":false},{"id":"17f23180-a641-4060-948d-f0863d135a43","description":"","name":"UIKitExample_LoadFromResources","author":"liangxie","latestVersion":"v0.0.0","latestDownloadUrl":"empty","installPath":"empty","includeFileOrFolders":[],"accessRight":"public","type":"Plugin","isOfficial":false},{"id":"9427a2b2-b118-49ae-991b-51d1f99ee279","description":"","name":"UIKitDemo_TodoList","author":"liangxie","latestVersion":"v0.0.11","latestDownloadUrl":"http://file.liangxiegame.com/UIKitDemo_TodoListv0_0_11_211f2c09_03fb_4ad4_8696_47fb6207c736.unitypackage","installPath":"Assets/QFramework/UIKitDemo_TodoList/","includeFileOrFolders":[],"accessRight":"public","type":"Example/Demo","isOfficial":false},{"id":"41619e5b-630f-43da-9bd1-c526b83c7b9e","description":"","name":"UIImageWaveDirectionShader","author":"liangxie","latestVersion":"v0.0.7","latestDownloadUrl":"http://file.liangxiegame.com/UIImageWaveDirectionShaderv0_0_7_78ee6322_b5e1_4872_9e37_12f9c0abfb31.unitypackage","installPath":"Assets/QFramework/Effect/UIImageWaveDirectionShader/","includeFileOrFolders":[],"accessRight":"public","type":"Shader","isOfficial":false},{"id":"c354ebd7-d9b4-4e54-a5dc-969bb3bc674a","description":"","name":"UIImageWaveCircleShader","author":"liangxie","latestVersion":"v0.0.5","latestDownloadUrl":"http://file.liangxiegame.com/UIImageWaveCircleShaderv0_0_5_5cb9afb2_860c_4354_8d86_68bb77ab92b4.unitypackage","installPath":"Assets/QFramework/Effect/UIImageWaveCircleShader/","includeFileOrFolders":[],"accessRight":"public","type":"Shader","isOfficial":false},{"id":"62ab8268-4b1a-41ce-99c5-0a8a40fad137","description":"","name":"UIImageSpotLightShader","author":"liangxie","latestVersion":"v0.0.3","latestDownloadUrl":"http://file.liangxiegame.com/UIImageSpotLightShaderv0_0_3_bbb031a4_4059_44df_a300_218811decd98.unitypackage","installPath":"Assets/QFramework/Effect/UIImageSpotLightShader/","includeFileOrFolders":[],"accessRight":"public","type":"Shader","isOfficial":false},{"id":"1a6c997f-2960-4adc-a4e7-6f2133156b40","description":"","name":"UIImageSharpShader","author":"liangxie","latestVersion":"v0.0.3","latestDownloadUrl":"http://file.liangxiegame.com/UIImageSharpShaderv0_0_3_5232a557_1499_4463_8cbe_83bdd626b924.unitypackage","installPath":"Assets/QFramework/Effect/UIImageSharpShader/","includeFileOrFolders":[],"accessRight":"public","type":"Shader","isOfficial":false},{"id":"56f90411-9b5b-4922-83a1-2caf4dbb90bd","description":"","name":"UIImageRoundCornerShader","author":"liangxie","latestVersion":"v0.0.5","latestDownloadUrl":"http://file.liangxiegame.com/UIImageRoundCornerShaderv0_0_5_50ad2031_2b5a_4d7d_8f3f_5a7ccc6aa3ba.unitypackage","installPath":"Assets/QFramework/Shaders/UIImageRoundCornerShader/","includeFileOrFolders":[],"accessRight":"public","type":"Shader","isOfficial":false},{"id":"5ae25b1d-6f72-4ffa-8d69-ef361736849d","description":"","name":"UIImageReliefShader","author":"liangxie","latestVersion":"v0.0.3","latestDownloadUrl":"http://file.liangxiegame.com/UIImageReliefShaderv0_0_3_86c5a1b2_2623_41e9_bcf2_6d71bd079f30.unitypackage","installPath":"Assets/QFramework/Effect/UIImageReliefShader/","includeFileOrFolders":[],"accessRight":"public","type":"Shader","isOfficial":false},{"id":"c04cf0af-bcda-4830-a18a-b8a3108f468a","description":"","name":"UIImageReflectionShader","author":"liangxie","latestVersion":"v0.0.5","latestDownloadUrl":"http://file.liangxiegame.com/UIImageReflectionShaderv0_0_5_5372fb42_6ec9_4d9f_ac10_28ed5509f563.unitypackage","installPath":"Assets/QFramework/Effect/UIImageReflectionShader/","includeFileOrFolders":[],"accessRight":"public","type":"Shader","isOfficial":false},{"id":"0d708e46-31f6-4c3e-b0d7-076d1a04414c","description":"","name":"UIImageOutlineShader","author":"liangxie","latestVersion":"v0.0.4","latestDownloadUrl":"http://file.liangxiegame.com/UIImageOutlineShaderv0_0_4_026cce6a_c75f_4fac_a010_405f7b89d81f.unitypackage","installPath":"Assets/QFramework/Effect/UIImageOutlineShader/","includeFileOrFolders":[],"accessRight":"public","type":"Shader","isOfficial":false},{"id":"4a78b663-171d-46ad-aa40-67de92dc45ec","description":"","name":"UIImageOutlineAlphaShader","author":"liangxie","latestVersion":"v0.0.4","latestDownloadUrl":"http://file.liangxiegame.com/UIImageOutlineAlphaShaderv0_0_4_f01a088d_dcd4_4038_94fb_556e21b50a61.unitypackage","installPath":"Assets/QFramework/Effect/UIImageOutlineAlphaShader/","includeFileOrFolders":[],"accessRight":"public","type":"Shader","isOfficial":false},{"id":"1e4cd76b-70a3-4cdb-ae5f-5e4a0cbb0418","description":"","name":"UIImageGrayShader","author":"liangxie","latestVersion":"v0.0.8","latestDownloadUrl":"http://file.liangxiegame.com/UIImageGrayShaderv0_0_8_97236a77_a665_4002_a609_cf96c0ea66c5.unitypackage","installPath":"Assets/QFramework/Effect/UIImageGrayShader/","includeFileOrFolders":[],"accessRight":"public","type":"Shader","isOfficial":false},{"id":"d4f613aa-b9f7-4249-a783-5ecbd85be1db","description":"","name":"UIImageGradientShader","author":"liangxie","latestVersion":"v0.0.4","latestDownloadUrl":"http://file.liangxiegame.com/UIImageGradientShaderv0_0_4_3c529ad3_a597_4686_ae23_6803feebe174.unitypackage","installPath":"Assets/QFramework/Effect/UIImageGradientShader/","includeFileOrFolders":[],"accessRight":"public","type":"Shader","isOfficial":false},{"id":"051af663-c338-406f-a400-6d7e3a627cdc","description":"","name":"UIImageFlashLightShader","author":"liangxie","latestVersion":"v0.0.5","latestDownloadUrl":"http://file.liangxiegame.com/UIImageFlashLightShaderv0_0_5_06578e5d_47b9_4f62_b4d9_67028099a747.unitypackage","installPath":"Assets/QFramework/Effect/UIImageFlashLightShader/","includeFileOrFolders":[],"accessRight":"public","type":"Shader","isOfficial":false},{"id":"16971047-03d0-48a1-b9f3-3507eafcc002","description":"","name":"UIImageColorFilterShader","author":"liangxie","latestVersion":"v0.0.3","latestDownloadUrl":"http://file.liangxiegame.com/UIImageColorFilterShaderv0_0_3_b8ceb86e_5754_445b_8018_71654a0302ba.unitypackage","installPath":"Assets/QFramework/Effect/UIImageColorFilterShader/","includeFileOrFolders":[],"accessRight":"public","type":"Shader","isOfficial":false},{"id":"d7fc13b9-b59c-45b5-8db9-6f9b6ea20d03","description":"","name":"UIImageBumpsShader","author":"liangxie","latestVersion":"v0.0.5","latestDownloadUrl":"http://file.liangxiegame.com/UIImageBumpsShaderv0_0_5_d7626359_47d5_4add_be58_23ba0d09c089.unitypackage","installPath":"Assets/QFramework/Effect/UIImageBumpsShader/","includeFileOrFolders":[],"accessRight":"public","type":"Shader","isOfficial":false},{"id":"30063b6f-261b-4842-a328-3acdff11ffe6","description":"","name":"UIImageBlurShader","author":"liangxie","latestVersion":"v0.0.5","latestDownloadUrl":"http://file.liangxiegame.com/UIImageBlurShaderv0_0_5_d373ff2f_fef0_42f7_9346_18f4a6b60d2a.unitypackage","installPath":"Assets/QFramework/Effect/UIImageBlurShader/","includeFileOrFolders":[],"accessRight":"public","type":"Shader","isOfficial":false},{"id":"ed628ce1-ad0a-4219-8498-8a2043eff562","description":"","name":"UIImageBlurFocusShader","author":"liangxie","latestVersion":"v0.0.5","latestDownloadUrl":"http://file.liangxiegame.com/UIImageBlurFocusShaderv0_0_5_07ff1328_710a_4d28_9caa_495831de703e.unitypackage","installPath":"Assets/QFramework/Effect/UIImageBlurFocusShader/","includeFileOrFolders":[],"accessRight":"public","type":"Shader","isOfficial":false},{"id":"40abb7fd-79e8-41fb-8d48-a7a2ffb4e5dc","description":"","name":"UIImageBlurAdvancedShader","author":"liangxie","latestVersion":"v0.0.5","latestDownloadUrl":"http://file.liangxiegame.com/UIImageBlurAdvancedShaderv0_0_5_0445866c_afe2_44e6_aefe_8186c88aaf1a.unitypackage","installPath":"Assets/QFramework/Effect/UIImageBlurAdvancedShader/","includeFileOrFolders":[],"accessRight":"public","type":"Shader","isOfficial":false},{"id":"15becdf6-4b87-4931-8b5c-98c21a6307f5","description":"","name":"UIImageBloomShader","author":"liangxie","latestVersion":"v0.0.8","latestDownloadUrl":"http://file.liangxiegame.com/UIImageBloomShaderv0_0_8_8ff07282_1413_4bab_af5b_7bc11d25b3bf.unitypackage","installPath":"Assets/QFramework/Effect/UIImageBloomShader/","includeFileOrFolders":[],"accessRight":"public","type":"Shader","isOfficial":false},{"id":"5f29a53c-d8f9-4f11-991b-f4c7dd8b510a","description":"","name":"UIFrame","author":"abm","latestVersion":"v0.0.4","latestDownloadUrl":"https://file.liangxiegame.com/UIFramev0_0_4_65b5a30c_f258_46c1_811d_3d416f51aed4.unitypackage","installPath":"Assets/HFrame/UIFrame/","includeFileOrFolders":[],"accessRight":"private","type":"Framework","isOfficial":false},{"id":"85e14579-a980-457e-8f62-e20b4e97087e","description":"","name":"UIEffect","author":"liangxie","latestVersion":"v0.0.1","latestDownloadUrl":"http://file.liangxiegame.com/UIEffectv0_0_1_4e4d77eb_1249_4157_9604_cb16f4693b50.unitypackage","installPath":"Assets/UIEffect/","includeFileOrFolders":[],"accessRight":"private","type":"Master","isOfficial":false},{"id":"f2c805ff-b2f7-4a7a-9004-89f2e0d07247","description":"","name":"TypeEventSystem","author":"liangxie","latestVersion":"v0.0.0","latestDownloadUrl":"empty","installPath":"empty","includeFileOrFolders":[],"accessRight":"public","type":"Plugin","isOfficial":false},{"id":"6882758b-d839-4d5c-a0a3-3c09465c2a40","description":"","name":"Toon","author":"liangxie","latestVersion":"v0.1.3","latestDownloadUrl":"http://file.liangxiegame.com/Toonv0_1_3_cb16f202_0d92_4243_a48c_acffbcf839fd.unitypackage","installPath":"Assets/Shader2021/Toon/","includeFileOrFolders":[],"accessRight":"public","type":"Master","isOfficial":false},{"id":"68d4b216-c9fd-45ac-a7da-ae8776d203dd","description":"","name":"ToolKitsPro","author":"liangxie","latestVersion":"v0.4.38","latestDownloadUrl":"https://file.liangxiegame.com/ToolKitsProv0_4_38_8f4d931f_5314_49d6_8763_c2ab14de18eb.unitypackage","installPath":"Assets/QFramework/ToolKitsPro/","includeFileOrFolders":[],"accessRight":"private","type":"Framework","isOfficial":false},{"id":"b9383e41-d44d-41dc-afba-6377a21545e9","description":"","name":"Tool","author":"liangxie","latestVersion":"v0.1.1","latestDownloadUrl":"http://file.liangxiegame.com/Toolv0_1_1_3ab626fd_1bcb_43fd_833a_ed382ae09ff5.unitypackage","installPath":"Assets/Shader2021/Tool/","includeFileOrFolders":[],"accessRight":"public","type":"Master","isOfficial":false},{"id":"b4eca883-4ea4-455f-b2bb-3fd41e382b62","description":"","name":"Tests","author":"jiezhinuofeng","latestVersion":"v0.0.1","latestDownloadUrl":"http://file.liangxiegame.com/Testsv0_0_1_3509792b_3de4_42ca_89a6_a2727aa9148a.unitypackage","installPath":"Assets/Tests/","includeFileOrFolders":[],"accessRight":"private","type":"Framework","isOfficial":false},{"id":"b9431588-a9ad-4bac-b38b-4bc29402a65d","description":"","name":"TestFolder","author":"pcxpcx110@163.com","latestVersion":"v0.0.02","latestDownloadUrl":"http://file.liangxiegame.com/TestFolderv0_0_02_9e5fdb38_0341_4b62_af2d_5c742f553167.unitypackage","installPath":"Assets/TestFolder/","includeFileOrFolders":[],"accessRight":"private","type":"Example/Demo","isOfficial":false},{"id":"68af9cf5-2bb0-4978-a3ec-58501d6f199b","description":"","name":"Test","author":"Wang","latestVersion":"v0.0.1","latestDownloadUrl":"https://file.liangxiegame.com/Testv0_0_1_def350f7_4bd4_41f7_927e_15b1ef27bf41.unitypackage","installPath":"Assets/Test/","includeFileOrFolders":[],"accessRight":"private","type":"Framework","isOfficial":false},{"id":"a0e9eb99-e27e-40bb-a175-54fe2b16c2f8","description":"","name":"SyUtils","author":"shiyuan","latestVersion":"v0.1.6","latestDownloadUrl":"http://file.liangxiegame.com/SyUtilsv0_1_6_33fa0a9e_79d7_4263_9f9c_ff5d09a1badf.unitypackage","installPath":"Assets/ShiYuanFramework/SyUtils/","includeFileOrFolders":[],"accessRight":"private","type":"Framework","isOfficial":false},{"id":"4f42b0ac-aa02-4ef0-bc89-3ab141d954e9","description":"","name":"SyTests","author":"shiyuan","latestVersion":"v0.1.8","latestDownloadUrl":"http://file.liangxiegame.com/SyTestsv0_1_8_78bccc4b_ce3a_4c0f_926a_e8afd1fdd2e3.unitypackage","installPath":"Assets/ShiYuanFramework/SyTests/","includeFileOrFolders":[],"accessRight":"private","type":"Framework","isOfficial":false},{"id":"8ea480f2-3e0a-4a67-a9b7-ba1a2bac0be0","description":"","name":"SyResKit","author":"shiyuan","latestVersion":"v0.1.19","latestDownloadUrl":"http://file.liangxiegame.com/SyResKitv0_1_19_743c1af5_c3e1_4add_8a5e_8220094a1a02.unitypackage","installPath":"Assets/ShiYuanFramework/SyResKit/","includeFileOrFolders":[],"accessRight":"private","type":"Framework","isOfficial":false},{"id":"518ea1f7-e8af-46db-8b82-249557aac34f","description":"积累代码库","name":"SYJUtils","author":"oxford561","latestVersion":"v0.0.40","latestDownloadUrl":"http://file.liangxiegame.com/SYJUtilsv0_0_40_9a1a444c_5c88_4538_b1eb_a7439cbf51a9.unitypackage","installPath":"Assets/SYJUtils/","includeFileOrFolders":[],"accessRight":"private","type":"Master","isOfficial":false},{"id":"ae683f0e-a49d-4a62-88ba-f9ee890d2a77","description":"简易的 Unity 客户端框架，待完善。。。","name":"SYJFramework","author":"oxford561","latestVersion":"v0.0.4","latestDownloadUrl":"http://file.liangxiegame.com/SYJFrameworkv0_0_4_fceb4dab_3b09_4013_8b7b_21e584867917.unitypackage","installPath":"Assets/SYJFramework/","includeFileOrFolders":[],"accessRight":"private","type":"Master","isOfficial":false},{"id":"ba07c82d-717f-415b-a575-d0c3ad4e4de1","description":"","name":"SyActionKit","author":"shiyuan","latestVersion":"v0.0.2","latestDownloadUrl":"https://file.liangxiegame.com/SyActionKitv0_0_2_bc21af22_5622_4631_aa6f_4c204be70786.unitypackage","installPath":"Assets/ShiYuanFramework/SyActionKit/","includeFileOrFolders":[],"accessRight":"private","type":"Framework","isOfficial":false},{"id":"e4677d1e-43a6-4dc1-8a1d-0050438808e2","description":"## SUtils 通用工具模块\n作者：Salmon\n\n## 基本使用\n暂无API","name":"SUtils","author":"salmonberry","latestVersion":"v0.0.1","latestDownloadUrl":"https://file.liangxiegame.com/SUtilsv0_0_1_294e4c58_ac93_495b_96f9_a2fc2285d96b.unitypackage","installPath":"Assets/SFramework/SUtils/","includeFileOrFolders":[],"accessRight":"public","type":"Master","isOfficial":false},{"id":"c2379f9a-05cb-44d0-8181-fb3ff522b41c","description":"","name":"SuperTiled2Unity","author":"shiyuan","latestVersion":"v0.0.1","latestDownloadUrl":"http://file.liangxiegame.com/SuperTiled2Unityv0_0_1_930a7d9e_57b7_406d_939c_a94eba553468.unitypackage","installPath":"Assets/SuperTiled2Unity/","includeFileOrFolders":[],"accessRight":"public","type":"Framework","isOfficial":false},{"id":"78abdb89-d5a3-48c7-b77d-154653354890","description":"","name":"SpriteShader","author":"liangxie","latestVersion":"v0.0.20","latestDownloadUrl":"https://file.liangxiegame.com/SpriteShaderv0_0_20_f3737cc2_adca_4eda_8fa9_9cecfc5e99e8.unitypackage","installPath":"Assets/Shader2021/SpriteShader/","includeFileOrFolders":[],"accessRight":"public","type":"Master","isOfficial":false},{"id":"850421ff-1cc7-4c79-9bda-5ba4d9be2a6b","description":"","name":"SoftMaskForUGUI","author":"liangxie","latestVersion":"v0.0.2","latestDownloadUrl":"http://file.liangxiegame.com/SoftMaskForUGUIv0_0_2_d95a5563_94f1_467e_b4cd_bb8540719f82.unitypackage","installPath":"Assets/Coffee/UIExtensions/SoftMaskForUGUI/","includeFileOrFolders":[],"accessRight":"private","type":"Plugin","isOfficial":false},{"id":"03997fb0-ef46-477d-ba6a-751aa13c65b6","description":"","name":"SoftMask","author":"liangxie","latestVersion":"v0.0.2","latestDownloadUrl":"http://file.liangxiegame.com/SoftMaskv0_0_2_8dbb1d4c_bf87_480f_b1f6_d2b59de7baa8.unitypackage","installPath":"Assets/SoftMask/","includeFileOrFolders":[],"accessRight":"public","type":"Master","isOfficial":false},{"id":"f4660399-cd72-47b8-8da1-1e70b0188d1f","description":"","name":"Singleton","author":"liangxie","latestVersion":"v0.1.1","latestDownloadUrl":"http://file.liangxiegame.com/Singletonv0_1_1_3b6c3abf_ceeb_4cfd_b83b_d1960a47659c.unitypackage","installPath":"Assets/QFramework/Framework/1.Core/Singleton/","includeFileOrFolders":[],"accessRight":"public","type":"Plugin","isOfficial":false},{"id":"7a374a76-d914-4a09-b455-5dde32274095","description":"","name":"SimpleFramework","author":"oxford561","latestVersion":"v0.0.2","latestDownloadUrl":"http://file.liangxiegame.com/SimpleFrameworkv0_0_2_13a25c90_cef9_40eb_a4ee_8aa6c3d4463f.unitypackage","installPath":"Assets/Scripts/SimpleFramework/","includeFileOrFolders":[],"accessRight":"private","type":"Master","isOfficial":false},{"id":"ca6af905-a088-4247-852a-aeb74bcae6d5","description":"","name":"SimpleEventSystemExample","author":"liangxie","latestVersion":"v0.0.2","latestDownloadUrl":"http://file.liangxiegame.com/SimpleEventSystemExamplev0_0_2_a0b19984_2a94_40d2_94b5_e55fce3fca8e.unitypackage","installPath":"Assets/QFramework/Extensions/SimpleEventSystemExample/","includeFileOrFolders":[],"accessRight":"public","type":"Plugin","isOfficial":false},{"id":"147c30e4-da22-4e11-ac1f-f32c8f56f4b6","description":"","name":"SimpleComponents","author":"liangxie","latestVersion":"v0.1.0","latestDownloadUrl":"https://file.liangxiegame.com/SimpleComponentsv0_1_0_51dfcbe1_349e_4422_8b05_fbc3d218e359.unitypackage","installPath":"Assets/QFramework/SimpleComponents/","includeFileOrFolders":[],"accessRight":"public","type":"Framework","isOfficial":false},{"id":"82a8a749-3cd0-4667-bdf9-75f2d4e3dfd2","description":"","name":"SimpleCameraControl","author":"Starry","latestVersion":"v0.0.3","latestDownloadUrl":"http://file.liangxiegame.com/SimpleCameraControlv0_0_3_716f4f2b_f78a_41d3_b689_5e803ab1a4cb.unitypackage","installPath":"Assets/SimpleCameraControl/","includeFileOrFolders":[],"accessRight":"public","type":"Plugin","isOfficial":false},{"id":"1ff539c2-2310-4105-9af7-9be7b54b759f","description":"","name":"ShaderReferenceBackup","author":"liangxie","latestVersion":"v0.0.2","latestDownloadUrl":"http://file.liangxiegame.com/ShaderReferenceBackupv0_0_2_0201bfee_6c3e_4cc5_a32b_18dadc39cc94.unitypackage","installPath":"Assets/ShaderReferenceBackup/","includeFileOrFolders":[],"accessRight":"private","type":"Master","isOfficial":false},{"id":"08c0e5e6-f9d5-4b1b-8819-030279683ccf","description":"##  介绍","name":"ShaderLib","author":"liangxie","latestVersion":"v0.2.0","latestDownloadUrl":"http://file.liangxiegame.com/ShaderLibv0_2_0_ac6a5ab5_43da_4f7b_b75e_8b4ec117d7e2.unitypackage","installPath":"Assets/QFramework/Shaders/ShaderLib/","includeFileOrFolders":[],"accessRight":"public","type":"Framework","isOfficial":false},{"id":"cafe996e-bf10-47f5-850b-3f49364221cf","description":"","name":"ShaderForge","author":"liangxie","latestVersion":"v0.1.0","latestDownloadUrl":"http://file.liangxiegame.com/ShaderForgev0_1_0_68c4dc95_bf41_4f14_be7e_71f735b93248.unitypackage","installPath":"Assets/ShaderForge/","includeFileOrFolders":[],"accessRight":"private","type":"Plugin","isOfficial":false},{"id":"8e302eaa-cb31-4da9-b0d6-f829daa634f5","description":"","name":"Shader2021","author":"liangxie","latestVersion":"v0.0.13","latestDownloadUrl":"https://file.liangxiegame.com/Shader2021v0_0_13_e1f21b67_34d6_48aa_add8_144b04a058da.unitypackage","installPath":"Assets/Shader2021/","includeFileOrFolders":[],"accessRight":"public","type":"Master","isOfficial":false},{"id":"84b856f0-c980-4f0d-badb-09db805ffe24","description":"","name":"SerialPortUtilityPro","author":"lucas","latestVersion":"v0.0.1","latestDownloadUrl":"https://file.liangxiegame.com/SerialPortUtilityProv0_0_1_e12786be_dad7_49fd_9336_f5d720af242a.unitypackage","installPath":"Assets/SerialPortUtilityPro/","includeFileOrFolders":[],"accessRight":"private","type":"Plugin","isOfficial":false},{"id":"988228e7-be55-430c-bbd5-4f6d64ed1ad6","description":"","name":"ScriptKitXLua","author":"liangxie","latestVersion":"v0.1.0","latestDownloadUrl":"http://file.liangxiegame.com/ScriptKitXLuav0_1_0_88fc2404_6203_4744_bbb9_d55f1def9d1a.unitypackage","installPath":"Assets/ScriptKitXLua/","includeFileOrFolders":[],"accessRight":"public","type":"Plugin","isOfficial":false},{"id":"353a4545-b7ed-423e-82f6-efff229b489a","description":"","name":"ScriptKitVisualScripting","author":"liangxie","latestVersion":"v0.0.2","latestDownloadUrl":"https://file.liangxiegame.com/ScriptKitVisualScriptingv0_0_2_5cf74a13_f03d_40db_85a0_33ae6895e068.unitypackage","installPath":"Assets/QFramework/Scripting/ScriptKitVisualScripting/","includeFileOrFolders":[],"accessRight":"public","type":"Plugin","isOfficial":false},{"id":"84b96d49-f0ec-43e2-9522-e45bf6425d6e","description":"","name":"ScriptKitToLua","author":"liangxie","latestVersion":"v0.2.1","latestDownloadUrl":"https://file.liangxiegame.com/ScriptKitToLuav0_2_1_8d05a1f5_fe73_4bd1_84eb_1678cca73d2d.unitypackage","installPath":"Assets/QFramework/Scripting/ScriptKitToLua/","includeFileOrFolders":[],"accessRight":"public","type":"Plugin","isOfficial":false},{"id":"50e8a92c-5058-455f-8077-c09e807e5e7a","description":"","name":"ScriptKitPlayMaker","author":"liangxie","latestVersion":"v0.0.5","latestDownloadUrl":"https://file.liangxiegame.com/ScriptKitPlayMakerv0_0_5_bee79ec0_58bd_4792_968b_86c7376593a0.unitypackage","installPath":"Assets/QFramework/Scripting/ScriptKitPlayMaker/","includeFileOrFolders":[],"accessRight":"private","type":"Plugin","isOfficial":false},{"id":"105fb2fa-831b-47d3-8ae8-cb6b32604307","description":"","name":"ScriptKitMoonSharp","author":"liangxie","latestVersion":"v0.1.0","latestDownloadUrl":"http://file.liangxiegame.com/ScriptKitMoonSharpv0_1_0_5b948850_035c_40e8_8ffe_403edc3d92c7.unitypackage","installPath":"Assets/ScriptKitMoonSharp/","includeFileOrFolders":[],"accessRight":"public","type":"Plugin","isOfficial":false},{"id":"c3fa3099-1212-43e8-b27f-9ba0e5c29998","description":"","name":"ScriptKitJSBinding","author":"liangxie","latestVersion":"v0.0.1","latestDownloadUrl":"http://file.liangxiegame.com/ScriptKitJSBindingv0_0_1_fa60c93c_94af_4746_b4aa_ebba5e9a053e.unitypackage","installPath":"Assets/ScriptKitJSBinding/","includeFileOrFolders":[],"accessRight":"public","type":"Framework","isOfficial":false},{"id":"fd073e1a-39ac-4bf2-9214-ece4eacd2e0a","description":"","name":"ScriptKitILRuntimeTetrisDemo","author":"liangxie","latestVersion":"v0.3.7","latestDownloadUrl":"https://file.liangxiegame.com/ScriptKitILRuntimeTetrisDemov0_3_7_bb8bdd97_1f13_4875_9573_97cf9603f350.unitypackage","installPath":"Assets/ScriptKitILRuntimeTetrisDemo/","includeFileOrFolders":[],"accessRight":"public","type":"Plugin","isOfficial":false},{"id":"48547f1e-8895-4751-a695-0fb9863e9453","description":"","name":"ScriptKitILRuntime","author":"liangxie","latestVersion":"v0.9.17","latestDownloadUrl":"https://file.liangxiegame.com/ScriptKitILRuntimev0_9_17_8645c62f_0df3_44db_a09d_8d3c894df645.unitypackage","installPath":"Assets/QFramework/Scripting/ScriptKitILRuntime/","includeFileOrFolders":[],"accessRight":"public","type":"Plugin","isOfficial":false},{"id":"bb3698de-4235-4dda-840d-d5df27395e27","description":"","name":"ScriptKitFungus","author":"liangxie","latestVersion":"v0.0.2","latestDownloadUrl":"https://file.liangxiegame.com/ScriptKitFungusv0_0_2_2bf07076_da97_4b37_b891_778939f353ea.unitypackage","installPath":"Assets/QFramework/Scripting/ScriptKitFungus/","includeFileOrFolders":[],"accessRight":"private","type":"Plugin","isOfficial":false},{"id":"e96345c4-3965-488f-9f5b-390c98848b7d","description":"","name":"ScriptKitFlow","author":"liangxie","latestVersion":"v0.0.2","latestDownloadUrl":"https://file.liangxiegame.com/ScriptKitFlowv0_0_2_1c9cd65c_4f42_48eb_8c85_03e3bc3099bf.unitypackage","installPath":"Assets/QFramework/Scripting/ScriptKitFlow/","includeFileOrFolders":[],"accessRight":"private","type":"Master","isOfficial":false},{"id":"8a804165-b7f3-4935-b9e8-0f4471c01fb7","description":"一套脚本 API 适配所有的 脚本语言:\n\n- [ ] ToLua（正在支持）\n- [ ] sLua\n- [ ] xLua\n- [ ] ILRuntime\n- [ ] JSBinding\n- [ ] 单纯的反射支持","name":"ScriptKit","author":"liangxie","latestVersion":"v0.3.1","latestDownloadUrl":"https://file.liangxiegame.com/ScriptKitv0_3_1_b17ec859_f9f7_4dbc_9a16_34e0012247ad.unitypackage","installPath":"Assets/QFramework/Scripting/ScriptKit/","includeFileOrFolders":[],"accessRight":"public","type":"Framework","isOfficial":false},{"id":"651a78cc-04bd-42d0-aa8a-935dc5a0fa7e","description":"","name":"QuickEngine","author":"liangxie","latestVersion":"v0.0.1","latestDownloadUrl":"https://file.liangxiegame.com/QuickEnginev0_0_1_1a4d4ba2_0acc_431e_ae50_d6ed92655398.unitypackage","installPath":"Assets/QuickEngine/","includeFileOrFolders":[],"accessRight":"private","type":"Plugin","isOfficial":false},{"id":"357ec511-16ec-4d17-980e-0a0afcbe891d","description":"将日志写入文件的一个工具。（减少加班利器）\n\n## 基本使用\n将 QLog 挂在一个 不会销毁的 GameObject 上。\n\n## 日志查看\n直接找到对应平台的 persistentDataPath 目录里就能看到日志了。","name":"QLog","author":"liangxie","latestVersion":"v0.1.0","latestDownloadUrl":"http://file.liangxiegame.com/QLogv0_1_0_3831e6c4_63e6_4f13_a750_23e766b0da61.unitypackage","installPath":"Assets/QFramework/QLog/","includeFileOrFolders":[],"accessRight":"public","type":"Plugin","isOfficial":false},{"id":"790b369b-1538-412b-b52c-156b844908f3","description":"","name":"QConsole","author":"liangxie","latestVersion":"v0.0.7","latestDownloadUrl":"https://file.liangxiegame.com/QConsolev0_0_7_7b05b996_326b_4b2f_967b_1e348df8b769.unitypackage","installPath":"Assets/QFramework/Tools/QConsole/","includeFileOrFolders":[],"accessRight":"public","type":"Plugin","isOfficial":false},{"id":"3df464f1-9dfe-45af-97e0-c6dde3e293d8","description":"","name":"ProtobufNet","author":"liangxie","latestVersion":"v0.0.0","latestDownloadUrl":"empty","installPath":"empty","includeFileOrFolders":[],"accessRight":"public","type":"Plugin","isOfficial":false},{"id":"86a28349-7278-4526-acbe-25ac1f977a96","description":"","name":"ProjectorWarp","author":"Rorschach","latestVersion":"v0.0.1","latestDownloadUrl":"http://file.liangxiegame.com/ProjectorWarpv0_0_1_644212d5_b28a_49e3_8e11_256d462093fa.unitypackage","installPath":"Assets/QFramework/Framework/Plugins/ProjectorWarp/","includeFileOrFolders":[],"accessRight":"private","type":"Framework","isOfficial":false},{"id":"78b767c5-108b-49de-9a7e-5946488276e4","description":"","name":"Practices","author":"457236615","latestVersion":"v0.0.2","latestDownloadUrl":"http://file.liangxiegame.com/Practicesv0_0_2_b2e5561d_96ba_467c_ad57_0ceb77bff409.unitypackage","installPath":"Assets/Practices/","includeFileOrFolders":[],"accessRight":"private","type":"Master","isOfficial":false},{"id":"784ea34c-2765-4657-a5eb-5705ae7dace4","description":"","name":"PostFXSnowShader","author":"liangxie","latestVersion":"v0.0.5","latestDownloadUrl":"http://file.liangxiegame.com/PostFXSnowShaderv0_0_5_08741ccd_e100_4ee6_bf58_0e8995358af8.unitypackage","installPath":"Assets/QFramework/Effect/PostFXSnowShader/","includeFileOrFolders":[],"accessRight":"public","type":"Shader","isOfficial":false},{"id":"bd68a361-681d-44c2-91eb-16d22e67edfd","description":"","name":"PostFxShader","author":"liangxie","latestVersion":"v0.0.11","latestDownloadUrl":"http://file.liangxiegame.com/PostFxShaderv0_0_11_6e1a6afa_605e_496b_b4fc_04da6d19a42a.unitypackage","installPath":"Assets/QFramework/Pro/Shader/PostFxShader/","includeFileOrFolders":[],"accessRight":"public","type":"Master","isOfficial":false},{"id":"be127380-fbe0-44f4-9867-09c30e94a65d","description":"","name":"PostFXScreenRaindropShader","author":"liangxie","latestVersion":"v0.0.6","latestDownloadUrl":"http://file.liangxiegame.com/PostFXScreenRaindropShaderv0_0_6_f1d0fdbe_45e3_4738_b2f7_3c80d7bf69cf.unitypackage","installPath":"Assets/QFramework/Effect/PostFXScreenRaindropShader/","includeFileOrFolders":[],"accessRight":"public","type":"Shader","isOfficial":false},{"id":"0c0f5e62-9679-4cfe-96b6-9c0381f14f5d","description":"","name":"PostFXRainShader","author":"liangxie","latestVersion":"v0.0.4","latestDownloadUrl":"http://file.liangxiegame.com/PostFXRainShaderv0_0_4_62001db3_11a7_49ca_a542_d74621cf13e1.unitypackage","installPath":"Assets/QFramework/Effect/PostFXRainShader/","includeFileOrFolders":[],"accessRight":"public","type":"Shader","isOfficial":false},{"id":"06457ee0-7b77-4ada-8eaa-027ed06de14c","description":"","name":"PostFXLavaShader","author":"liangxie","latestVersion":"v0.0.4","latestDownloadUrl":"http://file.liangxiegame.com/PostFXLavaShaderv0_0_4_61abd2bb_79b3_4a64_886d_12172f4a450c.unitypackage","installPath":"Assets/QFramework/Effect/PostFXLavaShader/","includeFileOrFolders":[],"accessRight":"public","type":"Shader","isOfficial":false},{"id":"ababc669-ed7e-450a-a573-04c5e051879e","description":"颜色设置灰色效果\n\n\n使用方法 \n\n1. 在 Camera 上挂上 PostFXBehaviour\n2. 将 PostGray Shader 挂到  PostFXBehaviour 的 Shader 属性上。\n","name":"PostFXGrayShader","author":"liangxie","latestVersion":"v0.0.7","latestDownloadUrl":"https://file.liangxiegame.com/PostFXGrayShaderv0_0_7_7b58e19e_719f_4e74_aaa3_224a638fa802.unitypackage","installPath":"Assets/QFramework/Effect/PostFXGrayShader/","includeFileOrFolders":[],"accessRight":"public","type":"Shader","isOfficial":false},{"id":"4fb082ff-ea29-4182-9d63-a401465b0e5a","description":"","name":"PostFXFireParticleShader","author":"liangxie","latestVersion":"v0.0.5","latestDownloadUrl":"http://file.liangxiegame.com/PostFXFireParticleShaderv0_0_5_fce5e3ca_b985_4ada_8293_cc3b07911c88.unitypackage","installPath":"Assets/QFramework/Effect/PostFXFireParticleShader/","includeFileOrFolders":[],"accessRight":"public","type":"Shader","isOfficial":false},{"id":"9a8ca8aa-c3d4-46b5-bf85-1d51f01375f0","description":"","name":"PostFXBlurShader","author":"liangxie","latestVersion":"v0.0.5","latestDownloadUrl":"http://file.liangxiegame.com/PostFXBlurShaderv0_0_5_53053851_c2c8_4fd9_803a_5ae725234e1f.unitypackage","installPath":"Assets/QFramework/Effect/PostFXBlurShader/","includeFileOrFolders":[],"accessRight":"public","type":"Shader","isOfficial":false},{"id":"23d4d8d2-4c2f-4bd4-8a78-1daba22b6e83","description":"","name":"PostFXBloomShader","author":"liangxie","latestVersion":"v0.0.5","latestDownloadUrl":"https://file.liangxiegame.com/PostFXBloomShaderv0_0_5_adfeca5f_f3b4_4659_aaac_898b9d844220.unitypackage","installPath":"Assets/QFramework/Effect/PostFXBloomShader/","includeFileOrFolders":[],"accessRight":"public","type":"Shader","isOfficial":false},{"id":"1ac07d60-f622-4289-a02d-479751e208b3","description":"","name":"PostFX","author":"liangxie","latestVersion":"v0.0.1","latestDownloadUrl":"https://file.liangxiegame.com/PostFXv0_0_1_96a70ff6_95e6_4682_b609_32be01dafcdc.unitypackage","installPath":"Assets/QFramework/Effect/PostFX/","includeFileOrFolders":[],"accessRight":"public","type":"Framework","isOfficial":false},{"id":"a56d180e-4ce1-404f-a80d-f308a97cd55e","description":"Unirx 插件 和一些Excel解析插件","name":"Plugins","author":"shiyuan","latestVersion":"v0.0.1","latestDownloadUrl":"https://file.liangxiegame.com/Pluginsv0_0_1_1cbb0e44_1804_45c4_a0c2_c5136d198351.unitypackage","installPath":"Assets/Plugins/","includeFileOrFolders":[],"accessRight":"private","type":"Plugin","isOfficial":false},{"id":"c8d98aad-d198-4678-90f1-06491c5de94c","description":"asdasdasdasd","name":"Playground","author":"liangxie","latestVersion":"v0.0.1","latestDownloadUrl":"https://file.liangxiegame.com/Playgroundv0_0_1_2e90896d_a37d_45fe_a4db_0c2a86e89fb4.unitypackage","installPath":"Assets/Playground/","includeFileOrFolders":[],"accessRight":"public","type":"Framework","isOfficial":false},{"id":"f0218475-2f0a-4dd6-80e4-4632d0a1b64d","description":"","name":"PlatformRunner","author":"liangxie","latestVersion":"v0.0.19","latestDownloadUrl":"http://file.liangxiegame.com/PlatformRunnerv0_0_19_07db35b3_82e6_4f90_922b_7f81ff560556.unitypackage","installPath":"Assets/QFramework/PlatformRunner/","includeFileOrFolders":[],"accessRight":"private","type":"Plugin","isOfficial":false},{"id":"31d29cab-db78-49e0-a5bf-7f2fd27a26aa","description":"","name":"PixelKit","author":"liangxie","latestVersion":"v0.0.5","latestDownloadUrl":"https://file.liangxiegame.com/PixelKitv0_0_5_c8d9367e_5fce_47fc_97a6_399606c0ac37.unitypackage","installPath":"Assets/QFramework/PixelKit/","includeFileOrFolders":[],"accessRight":"public","type":"Plugin","isOfficial":false},{"id":"0f040ccb-9756-4c8a-b9e6-9edecfed8fb2","description":"","name":"PackageKit","author":"liangxie","latestVersion":"v1.0.2","latestDownloadUrl":"https://file.liangxiegame.com/PackageKitv1_0_2_44b1344c_7338_445e_9efe_cc3e8fedd261.unitypackage","installPath":"Assets/QFramework/Toolkits/PackageKit/","includeFileOrFolders":[],"accessRight":"public","type":"Framework","isOfficial":false},{"id":"8f4f6851-5405-4b25-83c8-328149b3ad6a","description":"","name":"OwnerFramework","author":"oxford561","latestVersion":"v0.0.2","latestDownloadUrl":"http://file.liangxiegame.com/OwnerFrameworkv0_0_2_3e821b5c_1655_4be4_80c3_cf6679420762.unitypackage","installPath":"Assets/Scripts/OwnerFramework/","includeFileOrFolders":[],"accessRight":"private","type":"Master","isOfficial":false},{"id":"dcbee091-8a5a-432b-9397-74a75d7459f1","description":"","name":"MyFrame_pub","author":"atk520","latestVersion":"v0.0.1","latestDownloadUrl":"https://file.liangxiegame.com/MyFrame_pubv0_0_1_944dd609_eba1_4f2d_a013_52888cfa77e1.unitypackage","installPath":"Assets/MyFrame_pub/","includeFileOrFolders":[],"accessRight":"private","type":"Framework","isOfficial":false},{"id":"6c0df1e8-1d86-41d2-9ba3-b156edce6eb9","description":"","name":"MyFramework","author":"m_ShiHuai","latestVersion":"v0.1.0","latestDownloadUrl":"http://file.liangxiegame.com/MyFrameworkv0_1_0_958ed851_318d_48d0_98c4_9116a278c6b1.unitypackage","installPath":"Assets/test/MyFramework/","includeFileOrFolders":[],"accessRight":"public","type":"Framework","isOfficial":false},{"id":"62c5d56c-9fb8-4567-abdd-3a33fb2ea51f","description":"","name":"MountainEngine","author":"liangxie","latestVersion":"v0.0.1","latestDownloadUrl":"https://file.liangxiegame.com/MountainEnginev0_0_1_6feb66fa_e4e3_4ef9_ba1e_a2621de16d6c.unitypackage","installPath":"Assets/QFramework/MountainEngine/","includeFileOrFolders":[],"accessRight":"private","type":"Plugin","isOfficial":false},{"id":"86f52b56-c720-4bdd-831b-d49ab2fd617f","description":"","name":"MeshBaker","author":"lucas","latestVersion":"v0.0.1","latestDownloadUrl":"https://file.liangxiegame.com/MeshBakerv0_0_1_d4a83920_6f94_4fd7_aeaa_ad0f978e904a.unitypackage","installPath":"Assets/MeshBaker/","includeFileOrFolders":[],"accessRight":"private","type":"Plugin","isOfficial":false},{"id":"5d090975-171f-4edd-ab5d-b1542081a89a","description":"## LXUtils 通用工具模块\n* 作者：凉鞋\n* 邮箱: liangxiegame@163.com\n\n## 基本使用\n暂无任何 API","name":"LXUtils","author":"liangxie","latestVersion":"v0.2.7","latestDownloadUrl":"http://file.liangxiegame.com/LXUtilsv0_2_7_c09e1bfd_f25b_4d6a_bd69_fb1a43b5da34.unitypackage","installPath":"Assets/LXFramework/LXUtils/","includeFileOrFolders":[],"accessRight":"public","type":"Master","isOfficial":false},{"id":"d43d67b3-89a2-4612-bbce-cc1f91611b3d","description":"","name":"LXTests","author":"liangxie","latestVersion":"v0.0.26","latestDownloadUrl":"http://file.liangxiegame.com/LXTestsv0_0_26_db902260_64ed_447a_be0f_aea80c7f96c6.unitypackage","installPath":"Assets/LXFramework/LXTests/","includeFileOrFolders":[],"accessRight":"public","type":"Master","isOfficial":false},{"id":"72a56b3f-87ff-41e7-93a5-862e085b9725","description":"","name":"LXResKit","author":"liangxie","latestVersion":"v0.1.1","latestDownloadUrl":"http://file.liangxiegame.com/LXResKitv0_1_1_e4c17b7d_4dee_4a2d_a301_1ed20132badc.unitypackage","installPath":"Assets/LXFramework/LXResKit/","includeFileOrFolders":[],"accessRight":"public","type":"Master","isOfficial":false},{"id":"489c1e50-6d73-45f1-bca2-d50eee70a745","description":"","name":"Lucas","author":"lucas","latestVersion":"v0.0.3","latestDownloadUrl":"https://file.liangxiegame.com/Lucasv0_0_3_efcc49d6_4274_4617_a73c_9f9d3fc605ba.unitypackage","installPath":"Assets/Lucas/","includeFileOrFolders":[],"accessRight":"private","type":"Plugin","isOfficial":false},{"id":"a53e09ba-01a8-4018-a9db-1e0ef05930ba","description":"","name":"LuaSource","author":"abm","latestVersion":"v0.0.1","latestDownloadUrl":"https://file.liangxiegame.com/LuaSourcev0_0_1_fec92a2d_175b_4c03_80b3_b2eaa24dddd8.unitypackage","installPath":"Assets/HFrame/LuaSource/","includeFileOrFolders":[],"accessRight":"private","type":"Framework","isOfficial":false},{"id":"7130ea9d-5f59-49b6-b1ae-72628fd114c8","description":"第一个版本","name":"LQUtils","author":"17355379789","latestVersion":"v0.0.2","latestDownloadUrl":"https://file.liangxiegame.com/LQUtilsv0_0_2_4cf038b9_9e39_43c5_a165_d79e27309726.unitypackage","installPath":"Assets/QFrameworkExample/LQUtils/","includeFileOrFolders":[],"accessRight":"public","type":"Master","isOfficial":false},{"id":"a723e2e9-5697-41a6-b3da-8cfd3341949d","description":"","name":"LieBaoXingDong","author":"liangxie","latestVersion":"v0.1.0","latestDownloadUrl":"http://file.liangxiegame.com/LieBaoXingDongv0_1_0_f38776ee_90af_461b_9234_cf011f093995.unitypackage","installPath":"Assets/Demos/LieBaoXingDong/","includeFileOrFolders":[],"accessRight":"private","type":"Plugin","isOfficial":false},{"id":"ff37f45d-6360-4c62-aaf3-4355fc391ace","description":"提交测试\r\n","name":"Leon Tools","author":"Leon1990","latestVersion":"v0.0.1","latestDownloadUrl":"https://file.liangxiegame.com/Leon Toolsv0_0_1_4212153a_decc_4ad2_861c_2f1007b44457.unitypackage","installPath":"Assets/Leon Tools/","includeFileOrFolders":[],"accessRight":"public","type":"Framework","isOfficial":false},{"id":"6ef7aedb-da8a-46a6-aac0-561a2201dfb4","description":"","name":"J_UnityFrame","author":"jiezhinuofeng","latestVersion":"v0.0.1","latestDownloadUrl":"http://file.liangxiegame.com/J_UnityFramev0_0_1_0400efd0_cdde_494e_a98d_09d6fe5bc3ff.unitypackage","installPath":"Assets/J_UnityFrame/","includeFileOrFolders":[],"accessRight":"private","type":"Framework","isOfficial":false},{"id":"a3863f11-9338-4a99-a536-631fdfc055c9","description":"","name":"JsonDotnetExtensions","author":"liangxie","latestVersion":"v0.0.4","latestDownloadUrl":"http://file.liangxiegame.com/JsonDotnetExtensionsv0_0_4_87489331_f417_4153_b759_9f55bf5ec774.unitypackage","installPath":"Assets/QFramework/Extensions/JsonDotnetExtensions/","includeFileOrFolders":[],"accessRight":"public","type":"Framework","isOfficial":false},{"id":"211eed67-ee44-46ee-bdf3-833b6a1dc0db","description":"","name":"IceInkShader","author":"MoonIceInk","latestVersion":"V0.0.003","latestDownloadUrl":"http://file.liangxiegame.com/IceInkShaderV0_0_003_729413a8_8bf1_443a_a6bb_6203782aa93b.unitypackage","installPath":"Assets/IceInkShader/","includeFileOrFolders":[],"accessRight":"private","type":"Framework","isOfficial":false},{"id":"ec9423cb-5c26-481a-8076-1974bfb2bfd5","description":"","name":"IceInkOhterPlugins","author":"MoonIceInk","latestVersion":"v0.0.117","latestDownloadUrl":"http://file.liangxiegame.com/IceInkOhterPluginsv0_0_117_6ce999cc_4e09_45d2_aacd_948293433785.unitypackage","installPath":"Assets/IceInkOhterPlugins/","includeFileOrFolders":[],"accessRight":"public","type":"Framework","isOfficial":false},{"id":"23fdec04-6a2f-4fb3-ab4c-fb1c04fce629","description":"","name":"IceInkAbp","author":"MoonIceInk","latestVersion":"v0.0.3","latestDownloadUrl":"https://file.liangxiegame.com/IceInkAbpv0_0_3_0b6797d7_5ebf_4f0b_972a_7ef2659f02c7.unitypackage","installPath":"Assets/IceInkAbp/","includeFileOrFolders":[],"accessRight":"private","type":"Framework","isOfficial":false},{"id":"61687ee9-51a5-4b7d-ad6d-d33dc09c0ee3","description":"","name":"IceInk","author":"MoonIceInk","latestVersion":"v0.0.911","latestDownloadUrl":"https://file.liangxiegame.com/IceInkv0_0_911_619287eb_b52d_4086_ad27_8ce97d6ecea0.unitypackage","installPath":"Assets/IceInk/","includeFileOrFolders":[],"accessRight":"private","type":"Framework","isOfficial":false},{"id":"21e47d86-ae03-489a-b666-d1defe1ed3fb","description":"","name":"HUIFrame","author":"abm","latestVersion":"v0.0.1","latestDownloadUrl":"https://file.liangxiegame.com/HUIFramev0_0_1_23354cd7_588c_46dc_8dce_5b0c5adac585.unitypackage","installPath":"Assets/HFrame/HUIFrame/","includeFileOrFolders":[],"accessRight":"private","type":"Framework","isOfficial":false},{"id":"38b2bade-02ed-4f82-b236-c93b1e68f2f2","description":"","name":"HTool","author":"abm","latestVersion":"v0.0.1","latestDownloadUrl":"https://file.liangxiegame.com/HToolv0_0_1_a83648a9_08d3_468c_9441_2016847c7e8d.unitypackage","installPath":"Assets/HFrame/HTool/","includeFileOrFolders":[],"accessRight":"private","type":"Framework","isOfficial":false},{"id":"4f1a1889-5911-4362-8ed3-b02c53a87e4a","description":"","name":"HTable","author":"abm","latestVersion":"v0.0.3","latestDownloadUrl":"https://file.liangxiegame.com/HTablev0_0_3_68b12b70_933d_41c3_a2b5_c72f4895e1e8.unitypackage","installPath":"Assets/HFrame/HTable/","includeFileOrFolders":[],"accessRight":"private","type":"Framework","isOfficial":false},{"id":"ef18fb8a-c398-4f96-b656-954c452e6f0e","description":"","name":"HSingleton","author":"abm","latestVersion":"v0.0.5","latestDownloadUrl":"https://file.liangxiegame.com/HSingletonv0_0_5_ee3f3f7e_4f56_4cf7_b413_9a7fe96cbd69.unitypackage","installPath":"Assets/HSingleton/","includeFileOrFolders":[],"accessRight":"private","type":"Framework","isOfficial":false},{"id":"b339130b-5412-455b-96ba-11ed8befd4fa","description":"","name":"HSimplePool","author":"abm","latestVersion":"v0.0.1","latestDownloadUrl":"https://file.liangxiegame.com/HSimplePoolv0_0_1_986fd02d_06cf_4b89_a525_ef79bd3af3b3.unitypackage","installPath":"Assets/HFrame/HSimplePool/","includeFileOrFolders":[],"accessRight":"private","type":"Framework","isOfficial":false},{"id":"813f0068-3c31-4267-9828-350488a543bd","description":"","name":"HSecondResKit","author":"abm","latestVersion":"v0.0.1","latestDownloadUrl":"https://file.liangxiegame.com/HSecondResKitv0_0_1_b592087f_5475_4b24_ad42_39c234022d4c.unitypackage","installPath":"Assets/HFrame/HSecondResKit/","includeFileOrFolders":[],"accessRight":"private","type":"Framework","isOfficial":false},{"id":"6c3cbb45-8b34-4764-be3a-48aa562b472a","description":"","name":"HResolutionCheck","author":"abm","latestVersion":"v0.0.1","latestDownloadUrl":"https://file.liangxiegame.com/HResolutionCheckv0_0_1_bb19fe65_3178_4024_8bff_2b3963f393d3.unitypackage","installPath":"Assets/HFrame/HResolutionCheck/","includeFileOrFolders":[],"accessRight":"private","type":"Framework","isOfficial":false},{"id":"41ad9949-7f47-4afa-96f6-480c25d5f368","description":"","name":"HResKit","author":"abm","latestVersion":"v0.0.12","latestDownloadUrl":"https://file.liangxiegame.com/HResKitv0_0_12_6851240d_e04d_4eb5_abdd_f122b505718f.unitypackage","installPath":"Assets/HFrame/HResKit/","includeFileOrFolders":[],"accessRight":"private","type":"Framework","isOfficial":false},{"id":"73131f69-0f01-4d41-bd63-d705130ada59","description":"","name":"HRefCounter","author":"abm","latestVersion":"v0.0.1","latestDownloadUrl":"https://file.liangxiegame.com/HRefCounterv0_0_1_0064eeea_5f93_4088_a494_ad550e766750.unitypackage","installPath":"Assets/HFrame/HRefCounter/","includeFileOrFolders":[],"accessRight":"private","type":"Framework","isOfficial":false},{"id":"c19d33b5-7df4-44b5-9df3-f4c70a51c2b4","description":"# 兼容QF的AsssetBundle的热更资源下载器\n\n## 使用前的准备:请保证工程中存在Json.net以及Unirx插件(Unirx仅供运行示例，如不需要可连同示例删除)\n***\n### 使用前的配置:\n####  1.修改HotPatchManager中的m_DownLoadPath目录，这里请与reskit的沙盒加载路径保持一致\n#### 2.修改HotPatchManager中的ReadXml方法中的 xmlUrl路径，这里请与文件服务器上的xml配置文件保持一致\n#### 3.修改BundleHotFix中的CopyAbAndGeneratJson方法中patch.Url路径，这里是服务器资源路径，\n#### (推荐使用服务器根目录+AssetBundle文件夹+版本号+版本热更次数+文件名的组合方式)\n#### 4.BundleHotFix中的m_HotPath为热更资源生成路径(有需要可自行修改)\n#### 5.SaveVersion中的m_VersionMd5Path为热更资源版本配置信息生成路径(有需要可自行修改)  \n  ***\n### 如何使用:  \n#### 1.先生成一次AB包\n#### 2.生成完成之后点击热更按钮，选择热更配置，依次点击记录版本号，生成热更资源列表。\n#### 之后可在Resources目录中找到ABMD5以及Verison文件(如未找到请刷新编辑器)\n#### 3.生成之后即可热更资源，点击打包热更包，选择版ABMD5文件，该路径请选择SaveVersion中的m_VersionMd5Path\n#### 热更补丁版本为当前热更次数，可多次累计(合理控制次数可实现版本回退)生成的AB包资源可在BundleHotFix中的m_HotPath路径下找到\n####  4.服务器配置文件已提供，打包热更包资源会生成一个xml文件，请复制其中文件信息到服务器xml文件中完成信息更新\n#### 注：服务器xml配置文件，一个GameVersion块为一个版本，一个Pathes为一次热更次数，Des为版本公告，可用来发布更新说明\n#### 示例已提供，如遇到问题可联系作者QQ1178092718","name":"HotFixDowload","author":"h3166179","latestVersion":"v0.0.2","latestDownloadUrl":"https://file.liangxiegame.com/Editorv0_0_2_5431981a_2bfd_46b9_a9c2_ef31f26ecd09.unitypackage","installPath":"Assets/HotFixDowload/Editor/","includeFileOrFolders":[],"accessRight":"public","type":"Framework","isOfficial":false},{"id":"a7e643bb-6cec-4b3e-99ff-a48254ff844e","description":"","name":"HMoudleContainerExample","author":"abm","latestVersion":"v0.0.1","latestDownloadUrl":"https://file.liangxiegame.com/HMoudleContainerExamplev0_0_1_82b3537b_af11_4cd8_8a0e_571c795022e4.unitypackage","installPath":"Assets/HMoudleContainerExample/","includeFileOrFolders":[],"accessRight":"private","type":"Framework","isOfficial":false},{"id":"17e600f8-c6fa-4fdf-a77e-843e28627e2f","description":"# QFramework 的主体包\r\n\r\n包含:\r\n\r\n* Framework\r\n* CoreKit\r\n* ResKit\r\n* UIKit\r\n* AudioKit\r\n","name":"Framework","author":"liangxie","latestVersion":"v1.0.92","latestDownloadUrl":"https://file.liangxiegame.com/Frameworkv1_0_92_21ef4d16_bffe_4dbc_bb74_a7f63d58b560.unitypackage","installPath":"Assets/QFramework/Framework/","includeFileOrFolders":[],"accessRight":"public","type":"Framework","isOfficial":true},{"id":"b6163729-1e12-47d6-87a0-c1ea5f5d2fe1","description":"# QFramework 的扩展包(停止维护)\n\n1. 包含 DoTween、UniRx、JsonDotNet 的封装\n2. JsonSerializeHelper\n","name":"Extensions","author":"liangxie","latestVersion":"v0.0.9","latestDownloadUrl":"https://file.liangxiegame.com/Extensionsv0_0_9_b4bbd4a0_bf52_415a_8560_4cd048b7005f.unitypackage","installPath":"Assets/QFramework/Extensions/","includeFileOrFolders":[],"accessRight":"public","type":"Framework","isOfficial":true},{"id":"7146c16f-dc3d-42e2-84d0-9e6d7bb10e71","description":"","name":"EggplantEngine","author":"liangxie","latestVersion":"v0.0.2","latestDownloadUrl":"https://file.liangxiegame.com/EggplantEnginev0_0_2_b0ef25aa_129b_4c3d_ba51_dad6efab1483.unitypackage","installPath":"Assets/QFramework/EggplantEngine/","includeFileOrFolders":[],"accessRight":"private","type":"Plugin","isOfficial":false},{"id":"56b0dd77-6993-4a67-85d6-7cb4bf85784b","description":"","name":"Admin","author":"liangxie","latestVersion":"v0.0.27","latestDownloadUrl":"https://file.liangxiegame.com/Adminv0_0_27_cae5780a_9632_46e7_a211_a4e3c8d8d032.unitypackage","installPath":"Assets/QFramework/Admin/","includeFileOrFolders":[],"accessRight":"private","type":"Plugin","isOfficial":false}]}