{
    "Id": "",
    "Version": "v1.0.92",
    "Type": 0,
    "AccessRight": 0,
    "DownloadUrl": "",
    "InstallPath": "Assets/QFramework/Framework/",
    "IncludeFileOrFolders": [
        "Assets/QFramework/Framework",
        "Assets/QFramework/Toolkits"
    ],
    "DocUrl": "https://liangxiegame.com",
    "Readme": {
        "version": "v1.0.92",
        "content": "调整一些细节",
        "author": "liangxie",
        "date": "2023 年 09 月 15 日 13:46",
        "PackageId": ""
    }
}